-- ExchangeOS seeds — 08: counterparties + fx_trades + trade_amendments
-- 5 tenant-scoped counterparties (sourced from bic_records loaded in seed 04).
-- 5 fx_trades covering Spot/NDF/Forward/Swap (near+far) across CLS+BILATERAL+CFETS.
-- 5 trade_amendments showing 4-eyes lifecycle PROPOSED → APPROVED → APPLIED.
-- Idempotent.

BEGIN;

-- ─── 5 tenant-scoped counterparties (DEV tenant) ───────────────────────────
INSERT INTO counterparties (counterparty_id, tenant_id, bic, lei, name, country, cls_member, cfets_member, status) VALUES
    ('44444444-0000-5000-8000-000000000001', '00000000-0000-5000-8000-000000000001', 'DEUTDEFF', '7LTWFZYICNSX8D621K86', 'Deutsche Bank AG',          'DE', true,  false, 'ACTIVE'),
    ('44444444-0000-5000-8000-000000000002', '00000000-0000-5000-8000-000000000001', 'CHASUS33', '7H6GLXDRUGQFU57RNE97', 'JPMorgan Chase Bank N.A.',  'US', true,  false, 'ACTIVE'),
    ('44444444-0000-5000-8000-000000000003', '00000000-0000-5000-8000-000000000001', 'HSBCGB2L', 'MP6I5ZYZBEU3UXPYFY54', 'HSBC Bank plc',             'GB', true,  false, 'ACTIVE'),
    ('44444444-0000-5000-8000-000000000004', '00000000-0000-5000-8000-000000000001', 'BCBRBRDF', '8CK5K8X8M2DJ4ER4N123', 'Banco Central do Brasil',   'BR', false, false, 'ACTIVE'),
    ('44444444-0000-5000-8000-000000000005', '00000000-0000-5000-8000-000000000001', 'CFETCNSH', '5493002Q6N5J3D6FUH26', 'CFETS',                     'CN', false, true,  'ACTIVE')
ON CONFLICT (tenant_id, bic) DO NOTHING;

-- ─── 5 fx_trades covering Spot/NDF/Forward/Swap ────────────────────────────
-- Trade 1: SPOT EURUSD via CLS (DEUTDEFF buying EUR from CHASUS33)
-- Trade 2: NDF USDBRL via BILATERAL (DEUTDEFF buying USD from BCBRBRDF — non-deliverable)
-- Trade 3: FORWARD GBPUSD via CLS (HSBCGB2L buying GBP from CHASUS33, T+30)
-- Trade 4: SWAP USDJPY near leg via CLS
-- Trade 5: SWAP USDJPY far leg via CLS (linked via external_ref to trade 4)
INSERT INTO fx_trades (trade_id, tenant_id, external_ref, trade_type, status, settlement_venue,
                       buyer_counterparty_id, seller_counterparty_id,
                       bought_currency, bought_amount, sold_currency, sold_amount, deal_rate,
                       trade_date, value_date, confirmed_at, iso20022_message_id) VALUES
    ('33333333-0000-5000-8000-000000000001', '00000000-0000-5000-8000-000000000001', 'EXT-001',
     'SPOT', 'CONFIRMED', 'CLS',
     '44444444-0000-5000-8000-000000000001', '44444444-0000-5000-8000-000000000002',
     'EUR', 1000000.000000000000000000, 'USD', 1085000.000000000000000000, 1.085000000000000000,
     '2026-05-23T14:30:00Z', '2026-05-26', '2026-05-23T14:35:00Z', 'fxtr.014.001'),

    ('33333333-0000-5000-8000-000000000002', '00000000-0000-5000-8000-000000000001', 'EXT-002',
     'NDF', 'CONFIRMED', 'BILATERAL',
     '44444444-0000-5000-8000-000000000001', '44444444-0000-5000-8000-000000000004',
     'USD', 500000.000000000000000000, 'BRL', 2575000.000000000000000000, 5.150000000000000000,
     '2026-05-23T15:00:00Z', '2026-06-23', '2026-05-23T15:05:00Z', NULL),

    ('33333333-0000-5000-8000-000000000003', '00000000-0000-5000-8000-000000000001', 'EXT-003',
     'FORWARD', 'CONFIRMED', 'CLS',
     '44444444-0000-5000-8000-000000000003', '44444444-0000-5000-8000-000000000002',
     'GBP', 750000.000000000000000000, 'USD', 945000.000000000000000000, 1.260000000000000000,
     '2026-05-22T11:00:00Z', '2026-06-22', '2026-05-22T11:05:00Z', 'fxtr.014.003'),

    ('33333333-0000-5000-8000-000000000004', '00000000-0000-5000-8000-000000000001', 'SWAP-001-NEAR',
     'SWAP', 'SETTLED', 'CLS',
     '44444444-0000-5000-8000-000000000002', '44444444-0000-5000-8000-000000000001',
     'USD', 2000000.000000000000000000, 'JPY', 312000000.000000000000000000, 156.000000000000000000,
     '2026-05-20T09:00:00Z', '2026-05-22', '2026-05-20T09:05:00Z', 'fxtr.014.004'),

    ('33333333-0000-5000-8000-000000000005', '00000000-0000-5000-8000-000000000001', 'SWAP-001-FAR',
     'SWAP', 'CONFIRMED', 'CLS',
     '44444444-0000-5000-8000-000000000001', '44444444-0000-5000-8000-000000000002',
     'USD', 2000000.000000000000000000, 'JPY', 313000000.000000000000000000, 156.500000000000000000,
     '2026-05-20T09:00:00Z', '2026-08-20', '2026-05-20T09:05:00Z', 'fxtr.014.005')
ON CONFLICT (trade_id) DO NOTHING;

-- ─── 5 trade_amendments lifecycle ──────────────────────────────────────────
INSERT INTO trade_amendments (amendment_id, trade_id, tenant_id, status, change_type,
                              before_payload, after_payload,
                              proposer_actor_id, approver_actor_id,
                              proposed_at, approved_at, applied_at) VALUES
    ('55555555-0000-5000-8000-000000000001', '33333333-0000-5000-8000-000000000001',
     '00000000-0000-5000-8000-000000000001', 'APPLIED', 'value_date',
     '{"value_date":"2026-05-25"}'::JSONB, '{"value_date":"2026-05-26"}'::JSONB,
     '11111111-0000-5000-8000-000000000002', '11111111-0000-5000-8000-000000000003',
     '2026-05-23T14:40:00Z', '2026-05-23T14:42:00Z', '2026-05-23T14:43:00Z'),

    ('55555555-0000-5000-8000-000000000002', '33333333-0000-5000-8000-000000000003',
     '00000000-0000-5000-8000-000000000001', 'APPROVED', 'deal_rate',
     '{"deal_rate":"1.2550"}'::JSONB, '{"deal_rate":"1.2600"}'::JSONB,
     '11111111-0000-5000-8000-000000000002', '11111111-0000-5000-8000-000000000003',
     '2026-05-22T11:10:00Z', '2026-05-22T11:15:00Z', NULL),

    ('55555555-0000-5000-8000-000000000003', '33333333-0000-5000-8000-000000000002',
     '00000000-0000-5000-8000-000000000001', 'PROPOSED', 'fixing_source',
     '{"fixing_source":"PTAX"}'::JSONB, '{"fixing_source":"EMTA"}'::JSONB,
     '11111111-0000-5000-8000-000000000002', NULL,
     '2026-05-24T08:00:00Z', NULL, NULL),

    ('55555555-0000-5000-8000-000000000004', '33333333-0000-5000-8000-000000000005',
     '00000000-0000-5000-8000-000000000001', 'REJECTED', 'sold_amount',
     '{"sold_amount":"313000000"}'::JSONB, '{"sold_amount":"315000000"}'::JSONB,
     '11111111-0000-5000-8000-000000000002', '11111111-0000-5000-8000-000000000004',
     '2026-05-21T10:00:00Z', '2026-05-21T10:05:00Z', NULL),

    ('55555555-0000-5000-8000-000000000005', '33333333-0000-5000-8000-000000000004',
     '00000000-0000-5000-8000-000000000001', 'APPLIED', 'cls_cycle_id',
     '{"cls_cycle_id":null}'::JSONB, '{"cls_cycle_id":"66666666-0000-5000-8000-000000000001"}'::JSONB,
     '11111111-0000-5000-8000-000000000001', '11111111-0000-5000-8000-000000000001',
     '2026-05-20T09:10:00Z', '2026-05-20T09:11:00Z', '2026-05-20T09:12:00Z')
ON CONFLICT (amendment_id) DO NOTHING;

COMMIT;
