-- ExchangeOS seeds — 10: cls_cycles + cls_cycle_trades + payin_instructions + net_reports
-- 5 cls_cycles (closed/settling/open/pay-in/failed lifecycle representatives).
-- 6 cls_cycle_trades attaching seeded fx_trades to cycles.
-- 5 payin_instructions across PIN1/PIN2/PIN3 deadlines + lifecycle states.
-- 5 net_reports (one per cycle + currency tuple).

BEGIN;

-- ─── 5 cls_cycles ──────────────────────────────────────────────────────────
-- Time anchors use CET conversions per FX-CLS-001 convention (PIN1 08:00, PIN2 09:00, PIN3 10:00, close 12:00).
INSERT INTO cls_cycles (cycle_id, tenant_id, cycle_date, status,
                        opened_at, pin1_deadline, pin2_deadline, pin3_deadline, scheduled_close,
                        closed_at, failure_reason, version) VALUES
    ('66666666-0000-5000-8000-000000000001', '00000000-0000-5000-8000-000000000001', '2026-05-22', 'CLOSED',
     '2026-05-22T05:00:00Z', '2026-05-22T06:00:00Z', '2026-05-22T07:00:00Z', '2026-05-22T08:00:00Z', '2026-05-22T10:00:00Z',
     '2026-05-22T10:00:30Z', NULL, 5),

    ('66666666-0000-5000-8000-000000000002', '00000000-0000-5000-8000-000000000001', '2026-05-23', 'CLOSED',
     '2026-05-23T05:00:00Z', '2026-05-23T06:00:00Z', '2026-05-23T07:00:00Z', '2026-05-23T08:00:00Z', '2026-05-23T10:00:00Z',
     '2026-05-23T10:00:42Z', NULL, 5),

    ('66666666-0000-5000-8000-000000000003', '00000000-0000-5000-8000-000000000001', '2026-05-26', 'PAY_IN_WINDOW',
     '2026-05-26T05:00:00Z', '2026-05-26T06:00:00Z', '2026-05-26T07:00:00Z', '2026-05-26T08:00:00Z', '2026-05-26T10:00:00Z',
     NULL, NULL, 2),

    ('66666666-0000-5000-8000-000000000004', '00000000-0000-5000-8000-000000000001', '2026-05-27', 'OPEN',
     '2026-05-27T05:00:00Z', '2026-05-27T06:00:00Z', '2026-05-27T07:00:00Z', '2026-05-27T08:00:00Z', '2026-05-27T10:00:00Z',
     NULL, NULL, 1),

    ('66666666-0000-5000-8000-000000000005', '00000000-0000-5000-8000-000000000001', '2026-05-18', 'FAILED',
     '2026-05-18T05:00:00Z', '2026-05-18T06:00:00Z', '2026-05-18T07:00:00Z', '2026-05-18T08:00:00Z', '2026-05-18T10:00:00Z',
     '2026-05-18T10:15:00Z', 'PIN3 deadline missed for USD by DEUTDEFF', 6)
ON CONFLICT (cycle_id) DO NOTHING;

-- ─── cls_cycle_trades — attach the 5 fx_trades to cycles ───────────────────
INSERT INTO cls_cycle_trades (cycle_id, trade_id, attached_at) VALUES
    ('66666666-0000-5000-8000-000000000002', '33333333-0000-5000-8000-000000000001', '2026-05-23T14:36:00Z'),  -- EURUSD spot
    ('66666666-0000-5000-8000-000000000002', '33333333-0000-5000-8000-000000000003', '2026-05-22T11:06:00Z'),  -- GBPUSD forward (T+30)
    ('66666666-0000-5000-8000-000000000001', '33333333-0000-5000-8000-000000000004', '2026-05-20T09:06:00Z'),  -- USDJPY swap near
    ('66666666-0000-5000-8000-000000000003', '33333333-0000-5000-8000-000000000005', '2026-05-20T09:06:30Z'),  -- USDJPY swap far
    ('66666666-0000-5000-8000-000000000005', '33333333-0000-5000-8000-000000000001', '2026-05-18T09:00:00Z'),  -- same trade in failed cycle (illustrative; would be 1:1 in prod)
    ('66666666-0000-5000-8000-000000000003', '33333333-0000-5000-8000-000000000003', '2026-05-26T05:10:00Z')
ON CONFLICT (cycle_id, trade_id) DO NOTHING;

-- ─── 5 payin_instructions ──────────────────────────────────────────────────
INSERT INTO payin_instructions (instruction_id, tenant_id, cycle_id, currency, amount, band, deadline, status, submitted_at, confirmed_at, failure_reason, version) VALUES
    ('aaaaaaaa-0000-5000-8000-000000000001', '00000000-0000-5000-8000-000000000001',
     '66666666-0000-5000-8000-000000000002', 'EUR', 1000000.000000000000000000, 'PIN1',
     '2026-05-23T06:00:00Z', 'CONFIRMED', '2026-05-23T05:55:00Z', '2026-05-23T05:55:30Z', NULL, 3),

    ('aaaaaaaa-0000-5000-8000-000000000002', '00000000-0000-5000-8000-000000000001',
     '66666666-0000-5000-8000-000000000002', 'USD', 1085000.000000000000000000, 'PIN2',
     '2026-05-23T07:00:00Z', 'CONFIRMED', '2026-05-23T06:30:00Z', '2026-05-23T06:30:20Z', NULL, 3),

    ('aaaaaaaa-0000-5000-8000-000000000003', '00000000-0000-5000-8000-000000000001',
     '66666666-0000-5000-8000-000000000003', 'EUR', 1500000.000000000000000000, 'PIN1',
     '2026-05-26T06:00:00Z', 'SUBMITTED', '2026-05-26T05:50:00Z', NULL, NULL, 2),

    ('aaaaaaaa-0000-5000-8000-000000000004', '00000000-0000-5000-8000-000000000001',
     '66666666-0000-5000-8000-000000000003', 'JPY', 156000000.000000000000000000, 'PIN3',
     '2026-05-26T08:00:00Z', 'PENDING', NULL, NULL, NULL, 1),

    ('aaaaaaaa-0000-5000-8000-000000000005', '00000000-0000-5000-8000-000000000001',
     '66666666-0000-5000-8000-000000000005', 'USD', 750000.000000000000000000, 'PIN3',
     '2026-05-18T08:00:00Z', 'FAILED', NULL, NULL, 'deadline missed by DEUTDEFF', 2)
ON CONFLICT (instruction_id) DO NOTHING;

-- ─── 5 net_reports ─────────────────────────────────────────────────────────
INSERT INTO net_reports (report_id, tenant_id, cycle_id, currency, gross_pay_in, gross_pay_out, net_settlement, trade_count, generated_at) VALUES
    ('bbbbbbbb-0000-5000-8000-000000000001', '00000000-0000-5000-8000-000000000001',
     '66666666-0000-5000-8000-000000000002', 'EUR', 1000000.000000000000000000, 0.000000000000000000,
     1000000.000000000000000000, 1, '2026-05-23T10:00:30Z'),

    ('bbbbbbbb-0000-5000-8000-000000000002', '00000000-0000-5000-8000-000000000001',
     '66666666-0000-5000-8000-000000000002', 'USD', 0.000000000000000000, 1085000.000000000000000000,
     -1085000.000000000000000000, 1, '2026-05-23T10:00:30Z'),

    ('bbbbbbbb-0000-5000-8000-000000000003', '00000000-0000-5000-8000-000000000001',
     '66666666-0000-5000-8000-000000000001', 'USD', 2000000.000000000000000000, 0.000000000000000000,
     2000000.000000000000000000, 1, '2026-05-22T10:00:30Z'),

    ('bbbbbbbb-0000-5000-8000-000000000004', '00000000-0000-5000-8000-000000000001',
     '66666666-0000-5000-8000-000000000001', 'JPY', 0.000000000000000000, 312000000.000000000000000000,
     -312000000.000000000000000000, 1, '2026-05-22T10:00:30Z'),

    ('bbbbbbbb-0000-5000-8000-000000000005', '00000000-0000-5000-8000-000000000001',
     '66666666-0000-5000-8000-000000000005', 'USD', 0.000000000000000000, 750000.000000000000000000,
     -750000.000000000000000000, 1, '2026-05-18T10:15:00Z')
ON CONFLICT (cycle_id, currency) DO NOTHING;

COMMIT;
